<?xml version="1.0" encoding="UTF-8"?>
<THEME>
<input_color value="#ffff00"/>
<output_color value="white"/>
<bg_color value="#ff000000"/>
<device_color value="aqua"/>
<battery_color_high value="white"/>
<battery_color_medium value="white"/>
<battery_color_low value="white"/>
<time_color value="white"/>
<storage_color value="white"/>
<ram_color value="white"/>
<network_info_color value="white"/>
<toolbar_bg value="#00000000"/>
<toolbar_color value="#ffff0000"/>
<enter_color value="#ffffffff"/>
<cursor_color value="#aa0000"/>
<overlay_color value="#70000000"/>
<alias_content_color value="white"/>
<statusbar_color value="#00000000"/>
<navigationbar_color value="#af000000"/>
<app_installed_color value="#00bb00"/>
<app_uninstalled_color value="#00bb00"/>
<hint_color value="#00bb00"/>
<mark_color value="#00bb00"/>
<notes_color value="aqua"/>
<notes_locked_color value="aqua"/>
<link_color value="#00bb00"/>
<restart_message_color value="#ffffffff"/>
<weather_color value="white"/>
<unlock_counter_color value="#00bb00"/>
<session_info_color value="#adf0d3"/>
<status_lines_bgrectcolor value="#ff00ff00,#ff00ff00,#00000000,#00000000,#00000000,#00000000,#00000000,#00000000,#00000000"/>
<input_bgrectcolor value="#ff00ff00"/>
<output_bgrectcolor value="#00000000"/>
<toolbar_bgrectcolor value="#00000000"/>
<suggestions_bgrectcolor value="#00000000"/>
<status_lines_bg value="#00000000,#00000000,#00000000,#00000000,#00000000,#00000000,#00000000,#00000000,#00000000"/>
<input_bg value="#40000000"/>
<output_bg value="#00000000"/>
<suggestions_bg value="#00000000"/>
<status_lines_shadow_color value="#00000000,#00000000,#00000000,#00000000,#00000000,#00000000,#00000000,#00000000,#00000000"/>
<input_shadow_color value="#00000000"/>
<output_shadow_color value="#00000000"/>
<custom_command_color value="#00aa00"/>
</THEME>
