<?xml version="1.0" encoding="UTF-8"?>
<NOTIFICATIONS>
<show_notifications value="true"/>
<app_notification_enabled_default value="true"/>
<default_notification_color value="#8ec07c"/>
<notification_format value=" %app :: %t1 %n %[50][#b8b8b8]title : %[50][white]text"/>
<click_notification value="true"/>
<long_click_notification value="true"/>
<notification_popup_exclude_app value="true"/>
<notification_popup_exclude_notification value="true"/>
<notification_popup_reply value="true"/>
<filter id="-1" value="null %nnull"/>
<filter id="-1" value=" %app :: %t1 %n null : null"/>
</NOTIFICATIONS>
