<?xml version="1.0" encoding="UTF-8"?>
<SUGGESTIONS>
<show_suggestions value="true"/>
<transparent_suggestions value="false"/>
<default_text_color value="#ffffff"/>
<default_bg_color value="#ffffd700"/>
<apps_text_color value="#000000"/>
<apps_bg_color value="#ffffd700"/>
<alias_text_color value="#000000"/>
<alias_bg_color value="#ffffd700"/>
<cmd_text_color value="#ffffff"/>
<cmd_bg_color value="#00000000"/>
<song_text_color value=""/>
<song_bg_color value="#000000"/>
<contact_text_color value="#ffffff"/>
<contact_bg_color value="#000000"/>
<file_text_color value="#ffffff"/>
<file_bg_color value="#000000"/>
<suggest_alias_default value="true"/>
<suggest_appgp_default value="true"/>
<click_to_launch value="true"/>
<suggestions_size value="24"/>
<double_space_click_first_suggestion value="false"/>

<noinput_suggestions_order value="0(0)1(20)2(1)3(5)"/>
<!-- 0=apps 1=aliases 2=comands 3=appfolders -->

<suggestions_order value="1(20)2(2)0(5)3(3)"/>
<noinput_min_command_priority value="5"/>
<suggestions_per_category value="5"/>
<suggestions_deadline value="0.45"/>
<suggestions_algorithm value="13"/>
<suggestions_quickcompare_n value="3"/>
<hide_suggestions_when_empty value="always"/>
<suggestions_spaces value="7,35,30,7"/>
</SUGGESTIONS>
