<?xml version="1.0" encoding="UTF-8"?>
<THEME>
<custom_command_color value="#CDC9A5"/>
<input_color value="#E3CF57"/>
<output_color value="#ffffffff"/>
<bg_color value="#ff000000"/>
<device_color value="#aaff99aa"/>
<battery_color_high value="#90b590"/>
<battery_color_medium value="#FFEB3B"/>
<battery_color_low value="#4b5320"/>
<time_color value="#d8e4bc"/>
<storage_color value="#87a96b"/>
<ram_color value="#d8e4bc"/>
<network_info_color value="#e8a317"/>
<toolbar_bg value="#00000000"/>
<toolbar_color value="#ffff0000"/>
<enter_color value="red"/>
<cursor_color value="#cd0000"/>
<overlay_color value="#10000000"/>
<alias_content_color value="#1DE9B6"/>
<statusbar_color value="#00000000"/>
<navigationbar_color value="#00000000"/>
<app_installed_color value="#AB82FF"/>
<app_uninstalled_color value="#EE4000"/>
<hint_color value="#4CAF50"/>
<mark_color value="#CDDC39"/>
<notes_color value="white"/>
<notes_locked_color value="#deb887"/>
<link_color value="#0000EE"/>
<restart_message_color value="#ffffffff"/>
<weather_color value="#CDC9A5"/>
<unlock_counter_color value="#C0FF3E"/>
<session_info_color value="#888888"/>
<input_bgrectcolor value="#707070"/>
<output_bgrectcolor value="#00000000"/>
<toolbar_bgrectcolor value="#00000000"/>
<suggestions_bgrectcolor value="#00000000"/>
<status_lines_bg value="#00000000,#00000000,#00000000,#00000000,#00000000,#00000000,#00000000,#00000000,#00000000"/>
<input_bg value="#152025"/>
<output_bg value="#00000000"/>
<suggestions_bg value="#404040"/>
<status_lines_shadow_color value="#ff000000,#ff000000,#ff000000,#ff000000,#ff000000,#ff000000,#ff000000,#00000000,#00000000"/>
<input_shadow_color value="#00000000"/>
<output_shadow_color value="#00000000"/>
<status_lines_bgrectcolor value="#00000000,#00000000,#00000000,#00000000,#00000000,#00000000,#00000000,#00000000,#00000000"/>
</THEME>
