<?xml version="1.0" encoding="UTF-8"?>
<BEHAVIOR>

<!-- #### MUSIC #### -->
<!-- #### MUSIC #### -->
<enable_music value="true"/>
<random_play value="true"/>
<songs_folder value="/storage/9016-4EF8/my_music"/>
<songs_from_mediastore value="true"/>

<!-- #### FORMATS #### -->
<!-- #### FORMATS #### -->
<time_format value="0000yyyyMMdHHmmss@HH:mm:ss"/>
<time_format_separator value="@"/>
<battery_medium value="50"/>
<battery_low value="30"/>
<battery_format value="%v"/>
<network_info_format value="%(泌 WiFi [%wn]    IP %ip4/%[說 Mobile Data %dt    IP %ip4/  No Internet access])%n"/>
<device_format value="%d %u"/>
<ram_format value="﬙ %avgbGB/%totgbGB"/>
<storage_format value="   %iavgbGB/%itotgbGB  "/>
<input_format value="%p ➽ %t1 &#55348;&#56598;&#55348;&#56599;&#55348;&#56600;&#55348;&#56601; %i"/>
<output_format value="%o"/>

<!-- #### WEATHER ####  -->
<!-- #### WEATHER ####  -->
<show_weather_updates value="false"/>
<weather_update_time value="1800"/>
<weather_key value="d88edca501b903cea5d960d84ad6ab07"/>
<!-- <weather_key value="мой API key  с сайта OpenWeatherMap в личном кабинете"/>
 -->
<weather_temperature_measure value="metric"/>
<!-- metric = Celsius; imperial = Fahrenheit; standard = Kelvin -->
<!-- <weather_location value="55.8,49.2"/>
 -->
<weather_location value="%"/>
<!-- The ID of your country (check the wiki) or your coords separated by a comma (lat,lon) -->
<weather_format value=" %temp$(*9/5+32)°F •  %temp°C •  %pressure$(*0.750064) mmHg •  %humidity%"/>
<!-- The weather update time in seconds. This can only be used if you're using a custom weather key -->
<location_update_mintime value="30"/>
<!-- The amount of time between two location updates (in minutes, must be an integer value) -->
<location_update_mindistance value="500"/>
<!-- The minimum distance (in meters) to get a location update -->
<show_weather_updates value="true"/>
<!-- If false, t-ui won't show information about the weather in the output field -->

<tui_notification value="false"/>
<auto_show_keyboard value="false"/>
<auto_scroll value="false"/>
<show_hints value="false"/>
<show_launch_history value="true"/>
<max_lines value="-1"/>
<session_info_format value=""/>
<enable_app_launch value="true"/>
<app_launch_format value=" (%p)"/>
<multiple_cmd_separator value=";"/>

<clear_after_cmds value="-1"/>
<clear_after_seconds value="-1"/>

<double_tap_lock value="true"/>
<double_tap_cmd value="clear;status"/>

<show_alias_content value="true"/>
<alias_param_marker value="%"/>
<alias_param_separator value=","/>
<alias_replace_all_markers value="true"/>
<alias_content_format value="%a --&gt; [%v]"/>

<app_installed_format value="App installed: %p"/>
<app_uninstalled_format value="App uninstalled: %p"/>

<max_optional_depth value="2"/>
<network_info_update_ms value="3500"/>

<tui_notification_title value="T-UI"/>
<tui_notification_subtitle value="T-UI is running"/>
<tui_notification_click_cmd value=""/>
<tui_notification_click_showhome value="true"/>
<tui_notification_lastcmds_size value="5"/>
<tui_notification_lastcmds_updown value="true"/>
<tui_notification_priority value="0"/>

<home_path value="/storage/emulated/0/"/>
<external_storage_path value="/storage/9016-4EF8/"/>

<long_click_vibration_duration value="100"/>
<long_click_duration value="1000"/>
<click_commands value="true"/>
<long_click_commands value="true"/>
<append_quote_before_file value="false"/>
<optional_values_separator value="/"/>
<notes_sorting value="0"/>
<notes_allow_link value="true"/>
<orientation value="2"/>
<htmlextractor_default_format value="%t -&gt; %v%n%a(%an = %av)(%n)"/>
<htmlextractor_notfound_message value="Not found"/>
<tui_notification_time_color value="#03A9F4"/>
<tui_notification_input_color value="#ff00ff00"/>
<clear_on_lock value="true"/>

<unlock_counter_format value="Unlocked %c times (%a10/)%t(Unlock n. %i --&gt; %w)1"/>
<unlock_time_divider value=""/>
<unlock_time_order value="1"/>
<unlock_counter_cycle_start value="6.00"/>

<not_available_text value="n/a"/>
<back_button_enabled value="true"/>

</BEHAVIOR>
