<?xml version="1.0" encoding="UTF-8"?>
<NOTIFICATIONS>
<show_notifications value="true"/>

<app_notification_enabled_default value="false"/>

<default_notification_color value="#ffffff"/>
<!--notification_format value="%[#E4F34A]title %n%[#ffffff]text"-->
<notification_format value=" %app :: %t1 %n %[50][#E4F34A]title : %[100][white]text"/>

<click_notification value="true"/>
<long_click_notification value="true"/>
<notification_popup_exclude_app value="false"/>
<notification_popup_exclude_notification value="false"/>
<notification_popup_reply value="true"/>



<!-- ENABLED -->

 <!-- Телеграм -->
<org.telegram.messenger enabled="true" color="#ff6347" format="1"/>

 <!-- Ватсап -->
<com.whatsapp enabled="true" color="#ff6347" format="2"/>

 <!-- sberbank -->
<ru.sberbankmobile enabled="true" color="#ff6347" format="3"/>

 <!-- Календарь -->
<com.xiaomi.calendar enabled="true" color="#ff6347" format="4"/>

 <!-- Контакты -->
<com.google.android.contacts enabled="true" color="#ff6347" format="5"/>

 <!-- Телефон -->
<com.google.android.dialer enabled="true" color="#ff6347" format="5"/>

 <!-- Сообщения смс -->
<com.google.android.apps.messaging enabled="true" color="#ff6347" format="6"/>

 <!-- Gmail -->
<com.google.android.gm enabled="true" color="#ff6347" format="7"/>

<com.spotify.music enabled="true" color="#ff6347" format="8"/>

 <!-- Ютуб -->
<com.google.android.youtube enabled="true" color="#ff6347" format="9"/>




<!-- Formats for notification apps -->

<format id="1" value=" %app :: %t1 %n    %[#c0c0c0]title : %[#FFFFFFFF]text"/>
 <!-- Telegram -->

<format id="2" value=" %app :: %t1 %n:.: %[#c0c0c0]title :.: %[#FFFFFFFF]text"/>
 <!-- WhatsApp -->

<format id="3" value="%n   %app :: %t1 %n:.: %[#c0c0c0]title :.: %[#FFFFFFFF]text%n"/>
 <!-- sberbank -->

<format id="4" value="%n %app :: %t1 %n:.: %[#c0c0c0]title :.: %[#FFFFFFFF]text%n"/>
 <!-- Календарь -->

<format id="5" value=" %app :: %t1 %n:.: %[#c0c0c0]title :.: %[#FFFFFFFF]text"/>
 <!-- Phone  -->

<format id="6" value=" %app :: %t1 %n:.: %[#c0c0c0]title :.: %[#FFFFFFFF]text"/>
 <!-- SMS  -->

<format id="7" value="📨 %app :: %t1 %n:.: %[#c0c0c0]title :.: %[#FFFFFFFF]text"/>
<!-- Gmail  -->

<format id="8" value=" %app :: %t1 %n:.: %[#c0c0c0]title :.: %[#FFFFFFFF]text"/>
 <!-- Spotify  -->

<format id="9" value=" %app :: %t1 %n:.: %[#c0c0c0]title :.: %[#FFFFFFFF]text"/>
 <!-- Youtube  -->

<format id="10" value=" %app :: %t1 %n:.: %[#c0c0c0]title :.: %[#FFFFFFFF]text"/>
 <!-- Twitch  -->

<format id="11" value=" %app :: %t1 %n:.: %[#c0c0c0]title :.: %[#FFFFFFFF]text"/>
 <!-- Termux  -->



<!-- DISABLED -->

<filter id="-1" value="null %nnull"/>


</NOTIFICATIONS>
