<?xml version="1.0" encoding="UTF-8"?>
<SUGGESTIONS>
<show_suggestions value="true"/>
<transparent_suggestions value="true"/>
<default_text_color value="#e3b920"/>
<default_bg_color value="#e3b920"/>
<apps_text_color value="#e3b920"/>
<apps_bg_color value="#e3b920"/>
<alias_text_color value="#c22921"/>
<alias_bg_color value="#e3b920"/>
<cmd_text_color value="#e3b920"/>
<cmd_bg_color value="#e3b920"/>
<song_text_color value=""/>
<song_bg_color value="#e3b920"/>
<contact_text_color value="#916965"/>
<contact_bg_color value="#e3b920"/>
<file_text_color value="#8d8b90"/>
<file_bg_color value="#e3b920"/>
<suggest_alias_default value="true"/>
<suggest_appgp_default value="true"/>
<click_to_launch value="true"/>
<suggestions_size value="14"/>
<double_space_click_first_suggestion value="false"/>
<noinput_suggestions_order value="1(25)0(5)2(2)3(5)"/>
<suggestions_order value="1(5)2(2)0(5)3(3)"/>
<noinput_min_command_priority value="5"/>
<suggestions_per_category value="5"/>
<suggestions_deadline value="0.45"/>
<suggestions_algorithm value="13"/>
<suggestions_quickcompare_n value="3"/>
<hide_suggestions_when_empty value="always"/>
<suggestions_spaces value="18,15,18,15"/>
</SUGGESTIONS>
