<?xml version="1.0" encoding="UTF-8"?>
<THEME>
<input_color value="#fcf7f0"/>
<output_color value="#e3b920"/>
<bg_color value="#ff000000"/>
<device_color value="#e3b920"/>
<battery_color_high value="#e3b920"/>
<battery_color_medium value="#e3b920"/>
<battery_color_low value="#e3b920"/>
<time_color value="#e3b920"/>
<storage_color value="#e3b920"/>
<ram_color value="#e3b920"/>
<network_info_color value="#e3b920"/>
<toolbar_bg value="#00000000"/>
<toolbar_color value="#ffff0000"/>
<enter_color value="#ffffffff"/>
<cursor_color value="#e3b920"/>
<overlay_color value="#9f000000"/>
<alias_content_color value="#e3b920"/>
<statusbar_color value="#00000000"/>
<navigationbar_color value="#000000"/>
<app_installed_color value="#e3b920"/>
<app_uninstalled_color value="#e3b920"/>
<hint_color value="#e3b920"/>
<mark_color value="#e3b920"/>
<notes_color value="#e3b920"/>
<notes_locked_color value="#e3b920"/>
<link_color value="#e3b920"/>
<restart_message_color value="#ffffffff"/>
<weather_color value="#fff44336"/>
<unlock_counter_color value="#e3b920"/>
<session_info_color value="#fcf7f0"/>
<status_lines_bgrectcolor value="#ffe3b920,#00000000,#00000000,#00000000,#00000000,#00000000,#00000000,#00000000,#00000000"/>
<input_bgrectcolor value="#00000000"/>
<output_bgrectcolor value="#ffe3b920"/>
<toolbar_bgrectcolor value="#00000000"/>
<suggestions_bgrectcolor value="#00000000"/>
<status_lines_bg value="#00000000,#00000000,#00000000,#00000000,#00000000,#00000000,#00000000,#00000000,#00000000"/>
<input_bg value="#44818040"/>
<output_bg value="#ac000000"/>
<suggestions_bg value="#00000000"/>
<status_lines_shadow_color value="#00000000,#00000000,#00000000,#00000000,#00000000,#00000000,#00000000,#00000000,#00000000"/>
<input_shadow_color value="#00000000"/>
<output_shadow_color value="#00000000"/>
<custom_command_color value="#e3b920"/>
</THEME>
