<?xml version="1.0" encoding="UTF-8"?>
<EXPERT>
<show_help value="false"/>
<show_call value="true"/>
<show_exit value="true"/>

<show_custom_command value="true"/>
<custom_command_index value="2"/>
<custom_command_size value="10"/>
!-- <custom_command value="sh /storage/emulated/0/t-ui/script/topsysinfo %"/>
<custom_command value="cat /sdcard/t-ui/ascii/tui.txt"/>
<custom_command_timeout value="60"/>

<exit_password value=""/>
<use_root value="true"/>
<numbering_notes value="true"/>

<termux_timeout value="300"/>
</EXPERT>
