<?xml version="1.0" encoding="UTF-8"?>
<SUGGESTIONS>
  <alias_bg_color value="#80000000"/>
  <alias_text_color value="aqua"/>
  <apps_bg_color value="red"/>
  <apps_text_color value="white"/>
  <cmd_bg_color value="#2b2b2b"/>
  <cmd_text_color value="aqua"/>
  <contact_bg_color value="#303030"/>
  <contact_text_color value="#ffffff"/>
  <default_bg_color value="#2e2e2e"/>
  <default_text_color value="white"/>
  <enabled value="true"/>
  <file_bg_color value="#303030"/>
  <file_text_color value="#ffffff"/>
  <song_bg_color value="#353535"/>
  <song_text_color value="#ffffff"/>
  <transparent value="false"/>
  <show_suggestions value="true"/>
  <transparent_suggestions value="true"/>
  <suggest_alias_default value="true"/>
  <suggest_appgp_default value="true"/>
  <click_to_launch value="true"/>
  <suggestions_size value="13"/>
  <double_space_click_first_suggestion value="true"/>
  <noinput_suggestions_order value="0(2)1(30)2(0)3(3)"/>
  <suggestions_order value="2(2)0(6)1(10)3(3)"/>
  <noinput_min_command_priority value="5"/>
  <hide_suggestions_when_empty value="always"/>
  <suggestions_spaces value="10,25,20,15"/>
  <suggestions_per_category value="5"/>
  <suggestions_deadline value="0.45"/>
  <suggestions_algorithm value="13"/>
  <suggestions_quickcompare_n value="3"/>
</SUGGESTIONS>
