<?xml version="1.0" encoding="UTF-8"?>
<THEME>
  <alias_content_color value="green"/>
  <app_installed_color value="#00ff00"/>
  <app_uninstalled_color value="#00ff00"/>
  <battery_color_high value="white"/>
  <battery_color_low value="red"/>
  <battery_color_medium value="yellow"/>
  <bg_color value="black"/>
  <device_color value="aqua"/>
  <enter_color value="aqua"/>
  <input_color value="aqua"/>
  <navigationbar_color value="#000000"/>
  <output_color value="#ffeead"/>
  <overlay_color value="#30000000"/>
  <ram_color value="white"/>
  <statusbar_color value="black"/>
  <storage_color value="white"/>
  <time_color value="white"/>
  <toolbar_bg value="#00000000"/>
  <toolbar_color value="red"/>
  <network_info_color value="aqua"/>
  <cursor_color value="#ffffff"/>
  <hint_color value="#4CAF50"/>
  <mark_color value="#CDDC39"/>
  <notes_color value="aqua"/>
  <notes_locked_color value="green"/>
  <link_color value="white"/>
  <restart_message_color value="#ffffffff"/>
  <weather_color value="aqua"/>
  <unlock_counter_color value="aqua"/>
  <session_info_color value="white"/>
  <status_lines_bgrectcolor value="#00000000,#00000000,#00000000,#00000000,#00000000,#00000000,#00000000,#00000000,#00000000,#00000000"/>
  <input_bgrectcolor value="white"/>
  <output_bgrectcolor value="#00000000"/>
  <toolbar_bgrectcolor value="#00000000"/>
  <suggestions_bgrectcolor value="#00000000"/>
  <status_lines_bg value="#00000000,#00000000,#00000000,#00000000,#00000000,#00000000,#00000000,#00000000,#00000000,#00000000"/>
  <input_bg value="#80000000"/>
  <output_bg value="#00000000"/>
  <suggestions_bg value="#00000000"/>
  <status_lines_shadow_color value="#00000000,#00000000,#00000000,#00000000,#00000000,#00000000,#00000000,#00000000,#00000000"/>
  <input_shadow_color value="#00000000"/>
  <output_shadow_color value="#00000000"/>
<custom_command_color value="#ff00ff00"/>
</THEME>
