<?xml version="1.0" encoding="UTF-8"?>
<APPS>

<default_app_n1 value="reactivephone.msearch"/>
<default_app_n2 value="com.whatsapp"/>
<default_app_n3 value="org.telegram.messenger"/>
<default_app_n4 value="false"/>
<default_app_n5 value="false"/>

<app_groups_sorting value="4"/>

<com.android.chrome-com.google.android.apps.chrome.Main show="true"/>
<com.miui.fm-com.miui.fmradio.FmRadioActivity show="false"/>
<com.google.android.googlequicksearchbox-com.google.android.googlequicksearchbox.SearchActivity show="true"/>
<com.mi.globalbrowser-com.android.browser.LauncherActivity show="false"/>
<com.miui.videoplayer-com.miui.video.global.app.LauncherActivity show="false"/>
<com.xiaomi.hm.health-com.xiaomi.hm.health.activity.StartUpActivity show="true"/>
<com.google.android.apps.maps-com.google.android.maps.MapsActivity show="false"/>
<com.miui.compass-com.miui.compass.CompassActivity show="false"/>
<com.google.android.contacts-com.android.contacts.activities.PeopleActivity show="false"/>
<com.android.stk-com.android.stk.StkMain show="false"/>
<com.miui.player-com.miui.player.ui.MusicBrowserActivity show="false"/>
<com.mi.android.globalFileexplorer-com.android.fileexplorer.FileExplorerTabActivity show="false"/>
<com.miui.weather2-com.miui.weather2.ActivityWeatherMain show="false"/>
<com.miui.miservice-com.miui.miservice.main.MainActivity show="false"/>
<com.android.deskclock-com.android.deskclock.DeskClockTabActivity show="true"/>

<OFTEN apps="ru.kassir-ru.kassir.ui.activities.SplashActivity;ru.sberbankmobile-ru.sberbankmobile.SplashActivity;ru.sutochno_redesign-ru.sutochno_redesign.activities.StartActivity;one.belousov.wordgame-one.belousov.wordgame.MainActivity;com.avito.android-com.avito.android.Launcher;lc.deck.airkazan-lc.deck.airkazan.ui.activity.on_boarding.OnBoardingActivity;ru.rzd.pass-ru.rzd.pass.feature.appstarter.SplashActivity;ru.dublgis.dgismobile-ru.dublgis.dgismobile.GrymMobileActivity;ru.aboutnizhnynovgorod.dumptyhumpty2014.tablokgd-ru.aboutnizhnynovgorod.dumptyhumpty2014.tablokgd.MainActivity;com.google.chromeremotedesktop-org.chromium.chromoting.Chromoting;com.skype.raider-com.skype4life.MainActivity;ru.spb.metro.map-org.goodapps.metro.MainActivity;ru.aeroflot-ru.aeroflot.splash.SplashScreenActivity;ru.aviasales-ru.aviasales.ui.activity.MainActivity;pulkovo.spb-pulkovo.spb.MainActivity;ru.yandex.metro-ru.yandex.metro.LaunchActivity;ru.dodopizza.app-ru.dodopizza.app.presentation.splash.SplashActivity;org.strongswan.android-org.strongswan.android.ui.MainActivity;kittoku.osc-kittoku.osc.activity.MainActivity;com.myprog.netscan-com.myprog.netscan.MainActivity;com.kochini.android.networkcalculator-com.kochini.android.networkcalculator.MainActivity;ua.com.streamsoft.pingtools-ua.com.streamsoft.pingtools.MainActivity_AA"/>
</APPS>
