<?xml version="1.0" encoding="UTF-8"?>
<APPS>

<default_app_n1 value="com.opera.mini.native"/>
<default_app_n2 value="com.whatsapp"/>
<default_app_n3 value="org.telegram.messenger"/>
<default_app_n4 value="false"/>
<default_app_n5 value="false"/>

<app_groups_sorting value="4"/>

<com.android.chrome-com.google.android.apps.chrome.Main show="false"/>
<com.miui.fm-com.miui.fmradio.FmRadioActivity show="false"/>
<com.google.android.googlequicksearchbox-com.google.android.googlequicksearchbox.SearchActivity show="false"/>
<com.mi.globalbrowser-com.android.browser.LauncherActivity show="false"/>
<com.miui.videoplayer-com.miui.video.global.app.LauncherActivity show="false"/>
<com.xiaomi.hm.health-com.xiaomi.hm.health.activity.StartUpActivity show="true"/>
<com.google.android.apps.maps-com.google.android.maps.MapsActivity show="false"/>
<com.miui.compass-com.miui.compass.CompassActivity show="false"/>
<com.google.android.contacts-com.android.contacts.activities.PeopleActivity show="false"/>
<com.android.stk-com.android.stk.StkMain show="false"/>
<com.miui.player-com.miui.player.ui.MusicBrowserActivity show="false"/>
<com.mi.android.globalFileexplorer-com.android.fileexplorer.FileExplorerTabActivity show="false"/>
<com.miui.weather2-com.miui.weather2.ActivityWeatherMain show="false"/>
<com.miui.miservice-com.miui.miservice.main.MainActivity show="false"/>
<com.android.deskclock-com.android.deskclock.DeskClockTabActivity show="false"/>

<OFTEN apps="ru.kassir-ru.kassir.ui.activities.SplashActivity;ru.ozon.app.android-ru.ozon.app.android.ui.start.PreStartActivity;ru.leroymerlin.mobile-ru.leroymerlin.mobile.presentation.features.app.ui.AppActivity;ru.sberbankmobile-ru.sberbankmobile.SplashActivity;ru.sutochno_redesign-ru.sutochno_redesign.activities.StartActivity;ru.pyaterochka.app.browser-ru.pyaterochka.app.launch.Launcher;one.belousov.wordgame-one.belousov.wordgame.MainActivity;com.avito.android-com.avito.android.Launcher"/>
</APPS>
