<?xml version="1.0" encoding="UTF-8"?>
<THEME>
<input_color value="#ffffffa0"/>
<output_color value="#fffffff0"/>
<bg_color value="#00000000"/>
<device_color value="#00000000"/>
<battery_color_high value="#ffffff"/>
<battery_color_medium value="#ffffff"/>
<battery_color_low value="#ffffa0"/>
<time_color value="#ffffffff"/>
<storage_color value="#ffffff"/>
<ram_color value="#ffffff"/>
<network_info_color value="#ffffff"/>
<toolbar_bg value="#00000000"/>
<toolbar_color value="#ffff6347"/>
<enter_color value="#ffaaaaaa"/>
<cursor_color value="#ff00ffff"/>
<overlay_color value="#00000000"/>
<alias_content_color value="white"/>
<statusbar_color value="#00000000"/>
<navigationbar_color value="#ff000000"/>
<app_installed_color value="#ff6347"/>
<app_uninstalled_color value="#ff6347"/>
<hint_color value="#c0c0c0"/>
<mark_color value="#00bb00"/>
<notes_color value="aqua"/>
<notes_locked_color value="aqua"/>
<link_color value="#00bb00"/>
<restart_message_color value="#ffffffff"/>
<weather_color value="white"/>
<unlock_counter_color value="#00bb00"/>
<session_info_color value="#adf0d3"/>
<status_lines_bgrectcolor value="#00000000,#00000000,#00000000,#00000000,#00000000,#00000000,#ff00ffff,#00000000,#00000000"/>
<input_bgrectcolor value="#ff00ffff"/>
<output_bgrectcolor value="#00000000"/>
<toolbar_bgrectcolor value="#00000000"/>
<suggestions_bgrectcolor value="#00000000"/>
<status_lines_bg value="#00000000,#00000000,#00000000,#00000000,#00000000,#00000000,#1000ccff,#00000000,#00000000"/>
<input_bg value="#1000ccff"/>
<output_bg value="#00000000"/>
<suggestions_bg value="#00000000"/>
<status_lines_shadow_color value="#ff000000,#ff000000,#00000000,#00000000,#00000000,#00000000,#00000000,#00000000,#00000000"/>
<input_shadow_color value="#00000000"/>
<output_shadow_color value="#00000000"/>
<custom_command_color value="#ffffffe0"/>
</THEME>
