<?xml version="1.0" encoding="UTF-8"?>
<UI>
<show_enter_button value="true"/>
<system_font value="false"/>

<ram_index value="5.1"/>
<storage_index value="5.2"/>
<network_index value="4"/>
<device_index value="1"/>
<battery_index value="2"/>
<weather_index value="7"/>
<time_index value="3"/>
<notes_index value=""/>
<unlock_index value=""/>
<status_lines_alignment value="0,1,0,0,0,0,0,0,0"/>


<ram_size value="16"/>
<battery_size value="25"/>
<device_size value="18"/>
<time_size value="34"/>
<storage_size value="16"/>
<network_size value="16"/>
<notes_size value="15"/>
<input_output_size value="16"/>
<weather_size value="15"/>
<unlock_size value="15"/>

<input_bottom value="true"/>

<show_ram value="true"/>
<show_device_name value="true"/>
<show_battery value="true"/>
<show_network_info value="true"/>
<show_storage_info value="true"/>
<show_notes value="false"/>
<show_time value="true"/>
<show_weather value="true"/>
<show_unlock_counter value="false"/>

<enable_battery_status value="false"/>


<username value=""/>
<deviceName value="     Tomboy Girl is a goal%n"/>
<system_wallpaper value="true"/>
<fullscreen value="false"/>




<input_prefix value="ツ"/>
<input_root_prefix value="#"/>
<display_margin_mm value="0,0,0,0"/>
<ignore_bar_color value="false"/>

<show_app_installed value="true"/>
<show_app_uninstalled value="true"/>
<show_session_info value="false"/>
<notes_header value=""/>
<notes_footer value=""/>
<notes_divider value="%n"/>
<show_restart_message value="true"/>
<notes_max_lines value="10"/>
<show_scroll_notes_message value="true"/>






<statusbar_light_icons value="true"/>
<bgrect_params value="2,0"/>
<shadow_params value="2,2,0.2"/>
<text_redraw_times value="1"/>
<status_lines_margins value="3,3,0,0"/>
<output_field_margins value="3,70,0,0"/>
<input_field_margins value="15,1,0,10"/>
<input_area_margins value="3,3,0,0"/>
<toolbar_margins value="3,3,0,0"/>
<suggestions_area_margin value="3,3,0,0"/>
<device_name value=""/>
</UI>
