<?xml version="1.0" encoding="UTF-8"?>
<UI>

<!-- SIZES -->
<ram_size value="18"/>
<battery_size value="24"/>
<device_size value="14"/>
<time_size value="100"/>
<storage_size value="18"/>
<network_size value="24"/>
<notes_size value="10"/>
<input_output_size value="18"/>
<weather_size value="24"/>
<unlock_size value="6"/>


<!-- SHOW -->
<show_ram value="true"/>
<show_device_name value="false"/>
<show_battery value="true"/>
<show_network_info value="true"/>
<show_storage_info value="true"/>
<show_notes value="true"/>
<enable_battery_status value="true"/>
<show_time value="true"/>
<show_weather value="true"/>
<show_unlock_counter value="false"/>


<!-- INDEX -->
<time_index value="1"/>
<network_index value="2.0"/>
<battery_index value="2.1"/>
<ram_index value="3.0"/>
<storage_index value="3.1"/>
<weather_index value="4"/>
<notes_index value="5"/>
<device_index value=""/>
<unlock_index value=""/>
<status_lines_alignment value="0,0,0,0,0,-1"/>


<username value="САНЁ"/>			
<input_bottom value="true"/>
<system_wallpaper value="true"/>
<fullscreen value="true"/>
<show_enter_button value="true"/>
<system_font value="false"/>
<input_prefix value="&#55357;&#56489;"/>
<input_root_prefix value="#"/>
<display_margin_mm value="0,0,0,0"/>
<ignore_bar_color value="false"/>
<show_app_installed value="true"/>
<show_app_uninstalled value="true"/>
<show_session_info value="true"/>
<notes_header value=""/>
<notes_footer value=""/>
<notes_divider value="»"/>
<show_restart_message value="true"/>
<notes_max_lines value="1"/>
<show_scroll_notes_message value="false"/>



<statusbar_light_icons value="true"/>
<bgrect_params value="2,0"/>
<shadow_params value="2,2,0.2"/>
<text_redraw_times value="1"/>
<status_lines_margins value="0,0,0,0"/>
<output_field_margins value="10,3,0,0"/>
<input_field_margins value="10,3,0,0"/>
<input_area_margins value="120,40,0,0"/>
<toolbar_margins value="3,3,0,0"/>
<suggestions_area_margin value=""/>
<device_name value=""/>
</UI>
