<?xml version="1.0" encoding="UTF-8"?>
<BEHAVIOR>
<double_tap_lock value="false"/>
<double_tap_cmd value=""/>
<random_play value="true"/>
<songs_folder value="/storage/emulated/0/t-ui"/>
<songs_from_mediastore value="true"/>
<tui_notification value="false"/>
<auto_show_keyboard value="false"/>
<auto_scroll value="true"/>
<show_hints value="false"/>
<show_alias_content value="false"/>
<show_launch_history value="true"/>
<clear_after_cmds value="-1"/>
<clear_after_seconds value="-1"/>
<max_lines value="-1"/>
<time_format value="▓ yyyyMMddHHmmss Z ╱%n▔▔▔▔▔▔▔▔▔▔▔▔▔▔▔▔▔▔▔▔▔▔▔@HH:mm:ss@SSs@E dd MMM yyyy HH:mm"/>

<time_format_separator value="@"/>
<battery_medium value="50"/>
<battery_low value="15"/>
<device_format value="%d: %u"/>
<ram_format value="%avgbGB of %totgbGB ▓%nRAM  ▁▁▁▁╱▔▔▔▔▔▔▔▔▔▔▔▔▔▔▔▔▔▔▔▔"/>
<storage_format value="%iavgbGB/%itotgbGB ▓%nHDD  ▁▁▁▁╱▔▔▔▔▔▔▔▔▔▔▔▔▔▔▔▔▔▔▔▔▔▔"/>
<battery_format value="%( Restoring/ Dropping) %v,000 ▓%nPWR  ▁▁▁▁╱▔▔▔▔▔▔▔▔▔▔▔▔▔▔▔▔▔▔▔▔▔▔▔▔"/>
<network_info_format value="▓  INITIATING UPLINK%n▔▔▔▔▔▔▔▔▔▔▔▔▔▔▔▔▔▔▔▔▔▔▔▔▔▔╲▁▁▁▁▁▁%( ▌▌▌▌▌▌▌▌▌▌▌▌▌▌▌100%%n▓  LOGIN AUTHENTICATION%n▔▔▔▔▔▔▔▔▔▔▔▔▔▔▔▔▔▔▔▔▔▔▔▔▔▔╲▁▁▁▁▁▁  ACCESS GRANTED%n%n▓ UPLINK SUCCESSFUL. WELCOME BACK, COMMANDER.╱%n▔▔▔▔▔▔▔▔▔▔▔▔▔▔▔▔▔▔▔▔▔▔▔▔▔▔▔▔▔▔▔▔▔▔▔▔▔▔▔▔▔▔▔▔▔/%[ ▌▌▌▌▌▌▌▌▌▌▌▌▌▌▌100%%n▓  LOGIN AUTHENTICATION%n▔▔▔▔▔▔▔▔▔▔▔▔▔▔▔▔▔▔▔▔▔▔▔▔▔▔╲▁▁▁▁▁▁  ACCESS GRANTED%n%n▓ UPLINK SUCCESSFUL. WELCOME BACK, COMMANDER.╱%n▔▔▔▔▔▔▔▔▔▔▔▔▔▔▔▔▔▔▔▔▔▔▔▔▔▔▔▔▔▔▔▔▔▔▔▔▔▔▔▔▔▔▔▔▔/▁▁▁▁ ⚠ UPLINK FAILED%n▓  NO ROUTE TO HOST ╱%n▔▔▔▔▔▔▔▔▔▔▔▔▔▔▔▔▔▔▔▔▔%n▓ PLEASE ENABLE ZENER PROTOCOL TO ACCESS NEURAL CLOUD ╱%n▔▔▔▔▔▔▔▔▔▔▔▔▔▔▔▔▔▔▔▔▔▔▔▔▔▔▔▔▔▔▔▔▔▔▔▔▔▔▔▔▔▔▔▔▔▔▔▔▔▔▔▔▔▔])%(%n▓ CONNECTED VIA 泌 %wn%n▔▔▔▔▔▔▔▔▔▔▔▔▔▔▔▔▔▔▔▔▔▔▔▔▔▔▔▔▔▔╲ 歷 IP %ip4/%[%n▓ CONNECTED VIA MOBILE 說 %dt%n▔▔▔▔▔▔▔▔▔▔▔▔▔▔▔▔▔▔▔▔▔▔▔▔▔▔▔▔▔▔╲ 歷 IP %ip4/])"/>
<input_format value="[commander@IOPCorp %t1] %p %i"/>
<output_format value="%o"/>
<session_info_format value=""/>
<enable_app_launch value="true"/>
<app_launch_format value="$ sudo systemctl start %p.service%n● %a%n    Loaded: %p.service%n    Status: [running] since %t3%n       PID: %t2%n"/>
<alias_param_marker value="%"/>
<alias_param_separator value=","/>
<alias_replace_all_markers value="true"/>
<multiple_cmd_separator value=";"/>
<alias_content_format value="%a --&gt; [%v]"/>
<external_storage_path value=""/>
<home_path value="/storage/emulated/0"/>
<app_installed_format value=" Commencing enhancement of T-Doll UMP45%n%nEnhancement Fodder:%n    ﯟ %p%n%n Initiating upgrade...%n⛬ checking fodder compatibility        ∎∎∎∎∎∎∎∎∎∎∎∎ 100%%n⛬ checking attribute effect bonus      ∎∎∎∎∎∎∎∎∎∎∎∎ 100%%n⛬ upgrading T-Doll UMP45               ∎∎∎∎∎∎∎∎∎∎∎∎ 100%%n%nThe following attributes of T-Doll UMP45 have been upgraded:%n%n    ⛬ Damage: +1%n    ⛬ Evasion: +2%n    ⛬ Accuracy +1%n    ⛬ Rate of fire: +2%n%n Enhancement Complete.%n"/>
<app_uninstalled_format value=" Commencing T-Doll downgrade%n%nEnhancement Fodder to be removed:%n    ﯟ %p%n%n Initiating downgrade...%n⛬ removing enhancement fodder          ∎∎∎∎∎∎∎∎∎∎∎∎ 100%%n⛬ checking attribute changes           ∎∎∎∎∎∎∎∎∎∎∎∎ 100%%n%nThe following attributes of T-Doll UMP45 have been downgraded:%n%n    ⛬ Damage: -1%n    ⛬ Evasion: -2%n    ⛬ Accuracy -1%n    ⛬ Rate of fire: -2%n%n Downgrade complete.%n"/>
<enable_music value="false"/>
<max_optional_depth value="2"/>
<network_info_update_ms value="3500"/>
<tui_notification_title value="T-UI"/>
<tui_notification_subtitle value="T-UI is running"/>
<tui_notification_click_cmd value=""/>
<tui_notification_click_showhome value="true"/>
<tui_notification_lastcmds_size value="5"/>
<tui_notification_lastcmds_updown value="true"/>
<tui_notification_priority value="0"/>
<long_click_vibration_duration value="100"/>
<long_click_duration value="700"/>
<click_commands value="true"/>
<long_click_commands value="true"/>
<append_quote_before_file value="false"/>
<optional_values_separator value="/"/>
<notes_sorting value="0"/>
<notes_allow_link value="true"/>
<orientation value="2"/>
<htmlextractor_default_format value="%t -&gt; %v%n%a(%an = %av)(%n)"/>
<htmlextractor_notfound_message value="Not found"/>
<tui_notification_time_color value="#e3b920"/>
<tui_notification_input_color value="#ffe3b920"/>
<weather_key value="1f798f99228596c20ccfda51b9771a86"/>
<weather_temperature_measure value="metric"/>
<weather_location value="null"/>
<weather_format value="Weather: %main, Temp: %temp"/>
<clear_on_lock value="false"/>
<unlock_counter_format value="Unlocked %c times (%a10/)%n%t(Unlock n. %i --&gt; %w)3"/>
<unlock_time_divider value="%n"/>
<unlock_time_order value="1"/>
<unlock_counter_cycle_start value="6.00"/>
<not_available_text value="n/a"/>
<back_button_enabled value="true"/>
<weather_update_time value="3600"/>
<location_update_mintime value="20"/>
<location_update_mindistance value="500"/>
<show_weather_updates value="true"/>
</BEHAVIOR>
