<?xml version="1.0" encoding="UTF-8"?>
<NOTIFICATIONS>
<show_notifications value="true"/>

<app_notification_enabled_default value="false"/>

<!--notification_format value="%[#E4F34A]title %n%[#ffffff]text"-->
<notification_format value=" %app :: %t1 %n %[50][#E4F34A]title : %[100][white]text"/>

<click_notification value="true"/>
<long_click_notification value="true"/>
<notification_popup_exclude_app value="false"/>
<notification_popup_exclude_notification value="false"/>
<notification_popup_reply value="false"/>



<!-- ENABLED -->

<default_notification_color value="#ffeeeeee"/>

 <!-- Телеграм -->
<!org.telegram.messenger enabled="true" color="#FF0088cc" format="1"/>
<org.telegram.messenger enabled="true" color="white" format="1"/>

 <!-- Ватсап -->
<!com.whatsapp enabled="true" color="#FF50fa7b" format="2"/>
<com.whatsapp enabled="true" color="white" format="2"/>

 <!-- Телефон -->
<com.google.android.dialer enabled="true" color="white" format="5"/>

 <!-- Сообщения смс -->
<com.google.android.apps.messaging enabled="true" color="white" format="6"/>

 




<!-- Formats for notification apps -->

<format id="1" value=" %app :: %[#FFffd700]title %n %t1 : %[#FFFFFFFF]text"/>
 <!-- Telegram -->

<format id="2" value=" %app :: %[#FFffd700]title %n %t1 : %[#FFFFFFFF]text"/>
 <!-- WhatsApp -->

<format id="3" value=" %app :: %[#ff00aa66]title %n %t1 : %[#FFFFFFFF]text"/>
 <!-- sberbank -->

<format id="4" value=" %app :: %[#FFFFFFFF]title %n %t1 : %[#FFFFFFFF]text"/>
 <!-- Календарь -->

<format id="5" value=" %app :: %[#FFFFFFFF]title %n %t1 : %[#FFFFFFFF]text"/>
 <!-- Phone  -->

<format id="6" value=" %app :: %[#FFFFFFFF]title %n %t1 : %[#FFFFFFFF]text"/>
 <!-- SMS  -->

<format id="7" value="📨 %app :: %[#FFFFFFFF]title %n %t1 : %[#FFFFFFFF]text"/>
<!-- Gmail  -->

<format id="8" value=" %app :: %[#FFFFFFFF]title %n %t1 : %[#FFFFFFFF]text"/>
 <!-- Spotify  -->

<format id="9" value=" %app :: %[#FFFFFFFF]title %n %t1 : %[#FFFFFFFF]text"/>
 <!-- Youtube  -->

<format id="10" value=" %app :: %[#FFFFFFFF]title %n %t1 : %[#FFFFFFFF]text"/>
 <!-- Twitch  -->

<format id="11" value=" %app :: %[#FFFFFFFF]title %n %t1 : %[#FFFFFFFF]text"/>
 <!-- Termux  -->



<!-- DISABLED -->

<filter id="-1" value="null %nnull"/>


</NOTIFICATIONS>
