<?xml version="1.0" encoding="UTF-8"?>
<THEME>
<input_color value="red"/>
<output_color value="white"/>
<bg_color value="yellow"/>
<device_color value="yellow"/>
<battery_color_high value="#ffffff"/>
<battery_color_medium value="#ffffff"/>
<battery_color_low value="#ffffff"/>
<time_color value="white"/>
<storage_color value="#ffffff"/>
<ram_color value="#ffffff"/>
<network_info_color value="#ffffff"/>
<toolbar_bg value="#00000000"/>
<toolbar_color value="white"/>
<enter_color value="white"/>
<cursor_color value="red"/>
<overlay_color value="#00000000"/>
<alias_content_color value="white"/>
<statusbar_color value="#00000000"/>
<navigationbar_color value="#af000000"/>
<app_installed_color value="#ff707070"/>
<app_uninstalled_color value="#ff000000"/>
<hint_color value="#ffffd700"/>
<mark_color value="#ffffd700"/>
<notes_color value="yellow"/>
<notes_locked_color value="yellow"/>
<link_color value="#00bb00"/>
<restart_message_color value="#ffffffff"/>
<weather_color value="white"/>
<unlock_counter_color value="#00bb00"/>
<session_info_color value="#adf0d3"/>
<status_lines_bgrectcolor value="#00000000,red,#00000000,#00000000,#00000000,#00000000,#00000000,#00000000,#00000000"/>
<input_bgrectcolor value="red"/>
<output_bgrectcolor value="#00000000"/>
<toolbar_bgrectcolor value="#00000000"/>
<suggestions_bgrectcolor value="#00000000"/>
<status_lines_bg value="#00000000,#ff625c52,#00000000,#00000000,#00000000,#00000000,#00000000,#00000000,#00000000"/>
<input_bg value="#00000000"/>
<output_bg value="#00000000"/>
<suggestions_bg value="#00000000"/>
<status_lines_shadow_color value="#ff000000,#ff000000,#00000000,#00000000,#00000000,#00000000,#00000000,#00000000,#00000000"/>
<input_shadow_color value="#00000000"/>
<output_shadow_color value="#00000000"/>
<custom_command_color value="#ffeeeeee"/>
</THEME>
