<?xml version="1.0" encoding="UTF-8"?>
<UI>
<show_enter_button value="true"/>
<system_font value="false"/>

<ram_size value="1"/>
<battery_size value="1"/>
<device_size value="1"/>
<time_size value="1"/>
<storage_size value="1"/>
<network_size value="1"/>
<notes_size value="1"/>
<input_output_size value="16"/>

<input_bottom value="true"/>
<show_ram value="false"/>
<show_device_name value="false"/>
<show_battery value="false"/>
<show_network_info value="false"/>
<show_storage_info value="false"/>
<show_notes value="false"/>
<enable_battery_status value="false"/>
<show_time value="false"/>
<username value=""/>
<deviceName value="ffffffff"/>
<system_wallpaper value="true"/>
<fullscreen value="false"/>
<device_index value="4"/>
<ram_index value=""/>
<battery_index value=""/>
<time_index value=""/>
<storage_index value=""/>
<network_index value=""/>
<notes_index value="6"/>
<status_lines_alignment value="-1,0,0,0,0,0,0,0,0"/>
<input_prefix value=""/>
<input_root_prefix value="#"/>
<display_margin_mm value="0,0,0,2"/>
<ignore_bar_color value="false"/>
<show_app_installed value="true"/>
<show_app_uninstalled value="true"/>
<show_session_info value="false"/>

<notes_header value=""/>
<notes_footer value=""/>

<notes_divider value="%n"/>
<show_restart_message value="true"/>
<notes_max_lines value="10"/>
<show_scroll_notes_message value="true"/>
<show_weather value="true"/>
<weather_index value="3"/>
<weather_size value="14"/>
<show_unlock_counter value="false"/>
<unlock_index value="8"/>
<unlock_size value="13"/>
<statusbar_light_icons value="true"/>
<bgrect_params value="2,10"/>
<shadow_params value="2,2,0.2"/>
<text_redraw_times value="1"/>
<status_lines_margins value="3,3,0,0"/>
<output_field_margins value="10,0,0,0"/>
<input_field_margins value="15,1,0,10"/>
<input_area_margins value="3,3,0,0"/>
<toolbar_margins value="3,3,0,0"/>
<suggestions_area_margin value="3,3,0,0"/>
<device_name value="Pochо"/>
</UI>
