<?xml version="1.0" encoding="UTF-8"?>
<BEHAVIOR>

<session_info_format value=" ☘ САШЕЧКИН ТЕЛЕФОНЧИК &gt;&gt;_... "/>

<double_tap_lock value="true"/>
<double_tap_cmd value=""/>
<random_play value="true"/>
<songs_folder value=""/>
<songs_from_mediastore value="true"/>
<tui_notification value="false"/>
<auto_show_keyboard value="false"/>
<auto_scroll value="false"/>
<show_hints value="false"/>
<show_alias_content value="false"/>
<show_launch_history value="true"/>
<clear_after_cmds value="-1"/>
<clear_after_seconds value="-1"/>
<max_lines value="-1"/>

<!--time_format value="EEE, d MMM yyyy HH:mm:ss z"-->
<time_format value="E,dd HH:mm"/>
<time_format_separator value="@"/>

<battery_medium value="50"/>
<battery_low value="30"/>
<battery_format value=" %v% %( /)"/>

<device_format value=" %d  12  "/>
<ram_format value=" %avgb Гб из %totgb Гб (%av%%)"/>

<storage_format value=" %iavgb Гб / %itotgb Гб (%iav%%)"/>
<external_storage_path value=""/>

<network_info_format value="%( %wn ⊷ %ip4/%[ Стандарт GSM: %dt %ip4/Нет доступа к сети Ethernet])"/>

<input_format value="%p %i"/>
<output_format value="%o"/>
<session_info_format value="%u in %p"/>

<enable_app_launch value="true"/>
<app_launch_format value=" активно ⋙ %l..."/>

<alias_param_marker value="%"/>
<alias_param_separator value=","/>
<alias_replace_all_markers value="true"/>
<multiple_cmd_separator value=";"/>
<alias_content_format value="%a --&gt; [%v]"/>

<home_path value="/storage/emulated/0"/>
<app_installed_format value="%l инсталировано"/>
<app_uninstalled_format value="%l удалено"/>

<enable_music value="false"/>
<max_optional_depth value="2"/>
<network_info_update_ms value="3500"/>

<tui_notification_title value="T-UI"/>
<tui_notification_subtitle value="T-UI запущен"/>
<tui_notification_click_cmd value=""/>
<tui_notification_click_showhome value="true"/>
<tui_notification_lastcmds_size value="5"/>
<tui_notification_lastcmds_updown value="true"/>
<tui_notification_priority value="0"/>

<long_click_vibration_duration value="100"/>
<long_click_duration value="700"/>
<click_commands value="true"/>
<long_click_commands value="true"/>
<append_quote_before_file value="false"/>
<optional_values_separator value="/"/>

<notes_sorting value="0"/>
<notes_allow_link value="true"/>

<orientation value="2"/>
<htmlextractor_default_format value="%t -&gt; %v%n%a(%an = %av)(%n)"/>
<htmlextractor_notfound_message value="Не найдено"/>
<tui_notification_time_color value="#03A9F4"/>
<tui_notification_input_color value="#ff00ff00"/>

<weather_key value="617935d0e44bd30893b39d7246142606"/>
<weather_temperature_measure value="metric"/>
<weather_location value="55.8,49.2"/>
<weather_format value="%main #[Clear/&#55356;&#57118;][Clouds/☁️][Scattered clouds/☁️][Broken clouds/☁️][Shower rain/&#55356;&#57127;️][Rain/&#55356;&#57127;️][Thunderstorm/&#55356;&#57129;️][Snow/&#55356;&#57128;️][Mist/&#55356;&#57131;️]%main, &#55356;&#57121;%temp°C (%temp_max°/%temp_min°), &#55357;&#56488; %speed$(*3.6) km/h"/>

<clear_on_lock value="false"/>
<unlock_counter_format value="Unlocked %c times (%a10/)%n%t(Unlock n. %i --&gt; %w)3"/>
<unlock_time_divider value="%n"/>
<unlock_time_order value="1"/>
<unlock_counter_cycle_start value="6.00"/>
<not_available_text value="n/a"/>
<back_button_enabled value="true"/>
<weather_update_time value="180000"/>
<location_update_mintime value="20"/>
<location_update_mindistance value="500"/>
<show_weather_updates value="false"/>
</BEHAVIOR>
