<?xml version="1.0" encoding="UTF-8"?>
<RSS>
<rss_default_color value="#f44336"/>
<rss_default_format value="%[50][green]title ### %[100][teal]description (%pubDate)"/>
<include_rss_default value="true"/>
<rss_hidden_tags value="img"/>
<rss_time_format value="%t0"/>
<show_rss_download value="true"/>
<rss_download_format value="RSS: %id --- Downloaded %sb bytes"/>
<rss_download_message_color value="aqua"/>
<click_rss value="true"/>

<rss id="1" updateTimeSec="100" show="true" url="https://lenta.ru/rss"/>
<rss id="2" updateTimeSec="100" show="true" url="http://feeds.bbci.co.uk/news/world/asia/rss.xml"/>
<rss id="3" updateTimeSec="10" show="true" url="https://www.golosameriki.com/api/zkroqremuoqq"/>
</RSS>
