<?xml version="1.0" encoding="UTF-8"?>
<NOTIFICATIONS>

<show_notifications value="true"/>
<app_notification_enabled_default value="true"/>
<default_notification_color value="#74B846"/> <!-- зеленый -->
<notification_format value="&gt;_ %t → %app ⊶ %[999][#ADADAD]title.big ══ %[999999999999999999999999]text"/>
<click_notification value="true"/>
<long_click_notification value="true"/>
<notification_popup_exclude_app value="false"/>
<notification_popup_exclude_notification value="false"/>
<notification_popup_reply value="true"/>

<!-- FILTERS -->
<filter id="-1" value="Change keyboard"/>
<filter id="-2" value="null "/>





<!-- СОРТИРОВКА ПРОГРАММ ПО ФИЛЬТРАМ -->

<com.google.android.app.messaging enabled="true" color="#db89f4" format="1"/>
<com.nis.app enabled="true" color="#289BD6" format="1"/>
<com.google.android.gm enabled="true" format="1"/>
<com.google.android.talk enabled="true" color="#c4f20b" format="1"/>
<com.whatsapp enabled="true" color="#c4f20b" format="2"/> <!-- Ватсап -->
<com.twitter.android enabled="true" color="#A3BE40" format="3"/>
<org.telegram.messenger enabled="true" color="#289BD6" format="4"/> <!-- Телеграм -->
<org.thunderdog.challegram enabled="true" color="#289BD6" format="4"/>
<com.google.android.music enabled="true" color="#db89f4" format="5"/>
<com.instagram.android enabled="true" color="#db89f4" format="6"/>
<com.google.android.dialer enabled="true" format="7"/>
<com.classlist.parent enabled="true" color="#db89f4" format="8"/>
<com.google.android.apps.messaging enabled="true" color="#db89f4" format="9"/>
<com.Slack.ui.HomeActivity enabled="true" color="#289BD6" format="10"/>
<com.android.mms enabled="true" color="#db89f4" format="11"/> <!-- Сообщения смс -->





<!-- ФОРМАТЫ ВЫВОДА СООБЩЕНИЙ ПРОГРАММ -->

<format id="1" value="%n %n ╚═⌬ %app ⋙ %n     ╚═════⌬ %[200][aqua]title %n           ╚═════⌬ %[400][aqua]text %n"/>
<format id="2" value="%n %n ╚═⌬ %app  ⋙ %t1 %n     ╚═════⌬ %[200][aqua]title %n           ╚═════⌬ %[400][aqua]text %n"/> <!-- WhatsApp -->
<format id="3" value="%n %n ╚═⌬ %app  ⋙ %t1 %n     ╚═════⌬ %[200][aqua]title %n           ╚═════⌬ %[400][aqua]text %n"/> <!-- Twitter -->
<format id="4" value="%n %n ╚═⌬ %app  ⋙ %t1 %n     ╚═════⌬ %[200][aqua]title %n           ╚═════⌬ %[400][aqua]text %n"/> <!-- Telegram -->
<format id="5" value="%n %n ╚═⌬ %app  ⋙ %t1 %n    ╚═════⌬ %[200][aqua]title %n           ╚═════⌬ %[400][aqua]text %n"/> <!-- Music -->
<format id="6" value="%n %n ╚═⌬ %app ⋙ %t1 %n     ╚═════⌬ %[200][aqua]title %n           ╚═════⌬ %[400][aqua]text %n"/> <!-- Instagram -->
<format id="7" value="%n %n ╚═⌬ %app  ⋙ %t1 %n     ╚═════⌬ %[200][aqua]title %n           ╚═════⌬ %[400][aqua]text %n"/> <!-- Телефон  -->
<format id="8" value="%n %n ╚═⌬ %app  ⋙ %t1 %n     ╚═════⌬ %[200][aqua]title %n           ╚═════⌬ %[400][aqua]text %n"/> <!-- Classlist  -->
<format id="9" value="%n %n ╚═⌬ %app  ⋙ %t1 %n     ╚═════⌬ %[200][aqua]title %n           ╚═════⌬ %[400][aqua]text %n"/> <!-- Messages  -->
<format id="10" value="%n %n ╚═⌬ %app  ⋙ %t1 %n     ╚═════⌬ %[200][aqua]title %n           ╚═════⌬ %[400][aqua]text %n"/> <!-- Slack -->
<format id="11" value="%n %n ╚═⌬ %app  ⋙ %t1 %n     ╚═════⌬ %[200][aqua]title %n           ╚═════⌬ %[400][aqua]text %n"/> <!-- Сообщения  -->

</NOTIFICATIONS>
