<?xml version="1.0" encoding="UTF-8"?>
<UI>
  <show_enter_button value="true"/>
  <system_font value="false"/>
  <input_bottom value="true"/>
  <show_app_installed value="true"/>
  <show_app_uninstalled value="true"/>
  <show_session_info value="true"/>
  <show_restart_message value="true"/>
  <show_scroll_notes_message value="false"/>
  <statusbar_light_icons value="true"/>
  <system_wallpaper value="true"/>
  <fullscreen value="true"/>


<!-- ВКЛ./ОТКЛЮЧЕНИЕ СТРОК ВЫВОДА -->

  <show_ram value="true"/>
  <show_device_name value="true"/>
  <show_battery value="true"/>
  <show_network_info value="true"/>
  <show_storage_info value="true"/>
  <show_notes value="true"/>
  <show_time value="true"/>
  <show_unlock_counter value="false"/>
  <enable_battery_status value="true"/>
  <show_weather value="false"/>


<!-- РАЗМЕРЫ ШРИФТОВ -->

  <ram_size value="12"/>
  <battery_size value="12"/>
  <device_size value="12"/>
  <time_size value="12"/>
  <storage_size value="12"/>
  <network_size value="12"/>
  <notes_size value="12"/>
  <input_output_size value="12"/>
  <unlock_size value="12"/>


<!-- РАСПОЛОЖЕНИЕ СТРОК ВЫВОДА -->

  <notes_index value="0"/>
  <time_index value="1"/>
  <battery_index value="2"/>
  <network_index value="3"/>
  <ram_index value="4"/>
  <storage_index value="5"/>
  <unlock_index value=""/>
  <device_index value="7"/>
  <status_lines_alignment value="-1,0,-1,-1,-1,-1,-1,-1,-1"/>


  <notes_header value="••••••••••••••••••••••••••••••••••••••••••••••••••••••­­­­­­­­­"/>
  <notes_footer value=""/>
  <notes_divider value=""/>
  <notes_max_lines value="0"/>

  <username value="••••••••••••••••••••••••••••••••••••••••••••••••••••••"/>
  <deviceName value=""/>

  <input_prefix value="INPUT |"/>
  <input_root_prefix value="#"/>
  <ignore_bar_color value="false"/>

  <weather_index value=""/>
  <weather_size value=""/>

  <display_margin_mm value="0,0,0,0"/>
  <bgrect_params value="2,0"/>
  <shadow_params value="2,2,0.2"/>
  <text_redraw_times value="10"/>
  <status_lines_margins value="0,0,0,0"/>
  <output_field_margins value="3,3,0,0"/>
  <input_field_margins value="3,3,0,0"/>
  <input_area_margins value="3,3,0,0"/>
  <toolbar_margins value="3,3,0,0"/>
  <suggestions_area_margin value="3,3,0,0"/>

<device_name value="citrus"/>
</UI>
