<?xml version="1.0" encoding="UTF-8"?>
<BEHAVIOR>
  <double_tap_lock value="true"/>
  <double_tap_cmd value=""/>

  <enable_music value="true"/>
  <random_play value="false"/>
  <songs_folder value="storage/sdcard1/my_music"/>
  <songs_from_mediastore value="true"/>

  <tui_notification value="true"/>
  <auto_show_keyboard value="true"/>
  <auto_scroll value="false"/>
  <show_hints value="false"/>
  <show_alias_content value="false"/>
  <show_launch_history value="true"/>
  <clear_after_cmds value="false"/>
  <clear_after_seconds value="-1"/>
  <max_lines value="-1"/>

  <time_format value="❖  HH:mm:ss EEEE dd MMMM yyyy  ❖  @dd MMMM HHч.mmмин.ssсек."/>
  <time_format_separator value="@"/>

  <battery_medium value="50"/>
  <battery_low value="30"/>
  <battery_format value="  Заряда аккумулятора,Сашечка: %v% ⊷ %(⚡ заряжается   /разряжается  )"/>

  <device_format value="%u"/>

  <ram_format value="  ОЗУ:  %avgb Гб свободно из  %totgb Гб ⊷ %av% %"/>

  <home_path value="/storage/emulated/0"/>
  <external_storage_path value="storage/sdcard1"/>
  <storage_format value="  ПЗУ: %iavgb Гб свободно из %itotgb Гб ⊷ %iav% %"/>

  <network_info_format value="  Мой IP addres: %ip4          ⊷ %{B/ } %(W/ ) %[M/ ] %dt"/>

  <input_format value="╔⌬════⌥▩ Запуск программы &gt;_ ......................%n╚⌬ █%t1"/>
  <output_format value="▩¯╲___%o"/>

  <session_info_format value="☘ САШЕЧКИН ТЕЛЕФОНЧИК >>_... "/>

  <enable_app_launch value="true"/>
  <app_launch_format value="%n╚═════⌬ %l ☕%n      ╚═════⌬ (%a)%n            ╚═════⌬ Программа стартовала успешно👍%n                  ╚═════⌬ Ввод следующей команды ...%n"/>
  <app_installed_format value="Программа установлена: %p"/>
  <app_uninstalled_format value="Программа удалена: %p"/>

  <alias_param_marker value="%"/>
  <alias_param_separator value=","/>
  <alias_replace_all_markers value="true"/>
  <alias_content_format value="%a --&gt; [%v]"/>

  <multiple_cmd_separator value=";"/>
  <max_optional_depth value="2"/>
  <network_info_update_ms value="3500"/>

  <tui_notification_title value="T-UI"/>
  <tui_notification_subtitle value="T-UI запущен"/>
  <tui_notification_click_cmd value=""/>
  <tui_notification_click_showhome value="true"/>
  <tui_notification_lastcmds_size value="5"/>
  <tui_notification_lastcmds_updown value="true"/>
  <tui_notification_priority value="0"/>
  <tui_notification_time_color value="#03A9F4"/>
  <tui_notification_input_color value="#ff00ff00"/>

  <long_click_vibration_duration value="100"/>
  <long_click_duration value="700"/>
  <click_commands value="true"/>
  <long_click_commands value="true"/>
  <append_quote_before_file value="false"/>
  <optional_values_separator value="/"/>

  <notes_sorting value="0"/>
  <notes_allow_link value="true"/>

  <orientation value="1"/>
  <htmlextractor_default_format value="%t -&gt; %v%n%a(%an = %av)(%n)"/>
  <htmlextractor_notfound_message value="Not found"/>

  <weather_key value="1f798f99228596c20ccfda51b9771a86"/>
  <weather_temperature_measure value="metric"/>
  <weather_location value="null"/>
  <weather_format value=""/>
  <weather_update_time value="6000000000000"/>
  <show_weather_updates value="false"/>
<!-- weather_format value="Weather: %main, Temp: %temp"/ -->

  <clear_on_lock value="true"/>

  <unlock_counter_format value="Unlock %c times (%a10/)%n%t1(Unlock n. %i --&gt; %w)1"/>
  <unlock_time_divider value="%n"/>
  <unlock_time_order value="1"/>
  <unlock_counter_cycle_start value="6.00"/>

  <not_available_text value="n/a"/>
  <back_button_enabled value="true"/>

  <location_update_mintime value="20"/>
  <location_update_mindistance value="500"/>


</BEHAVIOR>
